{
  "name": "ng-sortable",
  "version": "1.2.2",
  "homepage": "https://github.com/a5hik/ng-sortable",
  "author": "Muhammed Ashik <https://github.com/a5hik>",
  "description": "Angular Library for Drag and Drop, supports Sortable and Draggable.",
  "license": "MIT",
  "main": [
    "dist/ng-sortable.js",
    "dist/ng-sortable.css"
  ],
  "keywords": [
    "angular",
    "drag",
    "drop",
    "sortable",
    "draggable",
    "touch",
    "directive"
  ],
  "dependencies": {
    "angular": "1.3.x"
  },
  "devDependencies": {
    "angular": "1.3.x",
    "bootstrap-css-only": "~3.2.0",
    "angular-bootstrap": "~0.11.2",
    "angular-route": "1.3.x"
  },
  "ignore": [
    "node_modules",
    "bower_components",
    "test",
    "demo",
    "source",
    ".gitignore",
    ".jshintrc",
    ".travis.yml",
    "Gruntfile.js",
    ".bowerrc",
    "karma.conf.js",
    "package.json"
  ],
  "_release": "1.2.2",
  "_resolution": {
    "type": "version",
    "tag": "1.2.2",
    "commit": "7fc1671cb35173beb8b19f40e5f29f6d60037ba0"
  },
  "_source": "git://github.com/a5hik/ng-sortable.git",
  "_target": "~1.2.2",
  "_originalSource": "ng-sortable",
  "_direct": true
}