{
  "name": "angular-animate",
  "version": "1.4.1",
  "main": "./angular-animate.js",
  "ignore": [],
  "dependencies": {
    "angular": "1.4.1"
  },
  "homepage": "https://github.com/angular/bower-angular-animate",
  "_release": "1.4.1",
  "_resolution": {
    "type": "version",
    "tag": "v1.4.1",
    "commit": "96dfa5c8db40d3e57381393f73badc4265d43baf"
  },
  "_source": "git://github.com/angular/bower-angular-animate.git",
  "_target": "~1.4.1",
  "_originalSource": "angular-animate",
  "_direct": true
}