{
  "name": "angular-mocks",
  "version": "1.4.1",
  "main": "./angular-mocks.js",
  "ignore": [],
  "dependencies": {
    "angular": "1.4.1"
  },
  "homepage": "https://github.com/angular/bower-angular-mocks",
  "_release": "1.4.1",
  "_resolution": {
    "type": "version",
    "tag": "v1.4.1",
    "commit": "ea0a4758a98796855296d158be19730369197d33"
  },
  "_source": "git://github.com/angular/bower-angular-mocks.git",
  "_target": "~1.4.1",
  "_originalSource": "angular-mocks",
  "_direct": true
}