{
  "name": "angular-touch",
  "version": "1.4.1",
  "main": "./angular-touch.js",
  "ignore": [],
  "dependencies": {
    "angular": "1.4.1"
  },
  "homepage": "https://github.com/angular/bower-angular-touch",
  "_release": "1.4.1",
  "_resolution": {
    "type": "version",
    "tag": "v1.4.1",
    "commit": "10a089ee183d7482b9bebce07e5c8cd190d70885"
  },
  "_source": "git://github.com/angular/bower-angular-touch.git",
  "_target": "~1.4.1",
  "_originalSource": "angular-touch",
  "_direct": true
}