{
  "name": "ngDialog",
  "version": "0.4.0",
  "homepage": "https://github.com/likeastore/ngDialog",
  "description": "Modal dialogs and popups provider for Angular.js applications",
  "main": [
    "js/ngDialog.js",
    "css/ngDialog.css",
    "css/ngDialog-theme-default.css"
  ],
  "keywords": [
    "angular.js",
    "modals",
    "popups",
    "dialog",
    "ng",
    "provider",
    "factory",
    "directive"
  ],
  "authors": [
    "Dmitri Voronianski"
  ],
  "license": "MIT",
  "ignore": [
    "**/.*",
    "node_modules",
    "bower_components",
    "test",
    "tests",
    "example",
    "css/myth",
    "Gruntfile.js"
  ],
  "dependencies": {
    "angular": "~1.3.x"
  },
  "devDependencies": {
    "angular-mocks": "~1.3.14"
  },
  "_release": "0.4.0",
  "_resolution": {
    "type": "version",
    "tag": "0.4.0",
    "commit": "1dc76a7411536aad2880c0cfc2d5f6e07ba6941d"
  },
  "_source": "git://github.com/likeastore/ngDialog.git",
  "_target": "~0.4.0",
  "_originalSource": "ngDialog",
  "_direct": true
}