{
  "name": "hammerjs",
  "version": "1.0.11",
  "main": "hammer.js",
  "ignore": [
    "tests",
    "component.json",
    "package.json",
    "examples",
    "src"
  ],
  "homepage": "https://github.com/EightMedia/hammer.js",
  "_release": "1.0.11",
  "_resolution": {
    "type": "version",
    "tag": "1.0.11",
    "commit": "9d355ec9ad0c65312f90c2aae862f74dd93d507b"
  },
  "_source": "git://github.com/EightMedia/hammer.js.git",
  "_target": ">=1.0.5 <=1.0.11",
  "_originalSource": "hammerjs"
}